<shaders>
  <uniforms>
    uniform mat4x4 matWVP; 
    uniform vec4 overrideColor;
  </uniforms>

  <shader name="vs">
    in vec2 position;

    void main()
    {
    gl_Position = vec4(position, 0, 1);
    }
  </shader>

  <shader name="gs">
    layout(points) in;
    layout(line_strip, max_vertices = 5) out;

    void main()
    {
    gl_Position = gl_in[0].gl_Position;
    EmitVertex();
    gl_Position = gl_in[0].gl_Position + vec4(0.25,0,0,0);
    EmitVertex();
    gl_Position = gl_in[0].gl_Position + vec4(0.25,0.25,0,0);
    EmitVertex();
    gl_Position = gl_in[0].gl_Position + vec4(0,0.25,0,0);
    EmitVertex();
    gl_Position = gl_in[0].gl_Position;
    EmitVertex();

    EndPrimitive();
    }
  </shader>

  <shader name="fs">
    out vec4 outColor;

    void main()
    {
    outColor = vec4(1,1,1,1);
    }
  </shader>
</shaders>